<?xml version="1.0" encoding="utf-8"?>
<brl xmlns="http://schemas.microsoft.com/businessruleslanguage/2002">
  <ruleset name="OrderShipping_SetCarrierAndMethod">
    <version major="1" minor="0" description="" modifiedby="DD\Gopiraju.Varaprasad" date="2024-11-02T21:04:44.1322618+11:00" />
    <configuration />
    <bindings>
      <xmldocument ref="xml_31" doctype="Order" instances="16" selectivity="1" instance="0">
        <selector>/*[local-name()='Order' and namespace-uri()='http://OrderShipping.Order']</selector>
        <selectoralias>/Order</selectoralias>
        <schema>F:\TEST\Source\repos\OrderShipping\OrderShipping\Order.xsd</schema>
      </xmldocument>
    </bindings>
    <rule name="Default_Carrier" priority="999" active="true">
      <if>
        <compare operator="equal">
          <vocabularylink uri="3f0e9bcc-6212-4e6a-853c-e517f157a626" element="05703dd9-1111-40b8-890d-ad7bfc45a925" />
          <lhs>
            <constant>
              <string>1</string>
            </constant>
          </lhs>
          <rhs>
            <constant>
              <string>1</string>
            </constant>
          </rhs>
        </compare>
      </if>
      <then>
        <function>
          <xmldocumentmember xmldocumentref="xml_31" type="string" sideeffects="true">
            <field>*[local-name()='ShippingCompany' and namespace-uri()='']</field>
            <fieldalias>ShippingCompany</fieldalias>
            <argument>
              <constant>
                <string>UPS</string>
              </constant>
            </argument>
          </xmldocumentmember>
        </function>
      </then>
    </rule>
    <rule name="AMAZON_Rule2" priority="0" active="true">
      <if>
        <and>
          <compare operator="equal">
            <vocabularylink uri="3f0e9bcc-6212-4e6a-853c-e517f157a626" element="05703dd9-1111-40b8-890d-ad7bfc45a925" />
            <lhs>
              <function>
                <xmldocumentmember xmldocumentref="xml_31" type="string" sideeffects="false">
                  <field>*[local-name()='CompanyName' and namespace-uri()='']</field>
                  <fieldalias>CompanyName</fieldalias>
                </xmldocumentmember>
              </function>
            </lhs>
            <rhs>
              <constant>
                <string>AMAZON</string>
              </constant>
            </rhs>
          </compare>
          <compare operator="equal">
            <vocabularylink uri="3f0e9bcc-6212-4e6a-853c-e517f157a626" element="05703dd9-1111-40b8-890d-ad7bfc45a925" />
            <lhs>
              <function>
                <xmldocumentmember xmldocumentref="xml_31" type="string" sideeffects="false">
                  <field>*[local-name()='ShippingMethod' and namespace-uri()='']</field>
                  <fieldalias>ShippingMethod</fieldalias>
                </xmldocumentmember>
              </function>
            </lhs>
            <rhs>
              <constant>
                <string>GROUND</string>
              </constant>
            </rhs>
          </compare>
        </and>
      </if>
      <then>
        <function>
          <xmldocumentmember xmldocumentref="xml_31" type="string" sideeffects="true">
            <field>*[local-name()='ShippingMethod' and namespace-uri()='']</field>
            <fieldalias>ShippingMethod</fieldalias>
            <argument>
              <constant>
                <string>2DAY</string>
              </constant>
            </argument>
          </xmldocumentmember>
        </function>
      </then>
    </rule>
    <rule name="DELL_Rule" priority="0" active="true">
      <if>
        <compare operator="equal">
          <vocabularylink uri="3f0e9bcc-6212-4e6a-853c-e517f157a626" element="05703dd9-1111-40b8-890d-ad7bfc45a925" />
          <lhs>
            <function>
              <xmldocumentmember xmldocumentref="xml_31" type="string" sideeffects="false">
                <field>*[local-name()='CompanyName' and namespace-uri()='']</field>
                <fieldalias>CompanyName</fieldalias>
              </xmldocumentmember>
            </function>
          </lhs>
          <rhs>
            <constant>
              <string>DELL</string>
            </constant>
          </rhs>
        </compare>
      </if>
      <then>
        <function>
          <xmldocumentmember xmldocumentref="xml_31" type="string" sideeffects="true">
            <field>*[local-name()='ShippingCompany' and namespace-uri()='']</field>
            <fieldalias>ShippingCompany</fieldalias>
            <argument>
              <constant>
                <string>FEDEX</string>
              </constant>
            </argument>
          </xmldocumentmember>
        </function>
      </then>
    </rule>
    <rule name="MICROSOFT_Rule" priority="0" active="true">
      <if>
        <or>
          <compare operator="equal">
            <vocabularylink uri="3f0e9bcc-6212-4e6a-853c-e517f157a626" element="05703dd9-1111-40b8-890d-ad7bfc45a925" />
            <lhs>
              <function>
                <xmldocumentmember xmldocumentref="xml_31" type="string" sideeffects="false">
                  <field>*[local-name()='CompanyName' and namespace-uri()='']</field>
                  <fieldalias>CompanyName</fieldalias>
                </xmldocumentmember>
              </function>
            </lhs>
            <rhs>
              <constant>
                <string>MICROSOFT</string>
              </constant>
            </rhs>
          </compare>
          <compare operator="equal">
            <vocabularylink uri="3f0e9bcc-6212-4e6a-853c-e517f157a626" element="05703dd9-1111-40b8-890d-ad7bfc45a925" />
            <lhs>
              <function>
                <xmldocumentmember xmldocumentref="xml_31" type="string" sideeffects="false">
                  <field>*[local-name()='CompanyName' and namespace-uri()='']</field>
                  <fieldalias>CompanyName</fieldalias>
                </xmldocumentmember>
              </function>
            </lhs>
            <rhs>
              <constant>
                <string>Microsoft</string>
              </constant>
            </rhs>
          </compare>
          <compare operator="equal">
            <vocabularylink uri="3f0e9bcc-6212-4e6a-853c-e517f157a626" element="05703dd9-1111-40b8-890d-ad7bfc45a925" />
            <lhs>
              <function>
                <xmldocumentmember xmldocumentref="xml_31" type="string" sideeffects="false">
                  <field>*[local-name()='CompanyName' and namespace-uri()='']</field>
                  <fieldalias>CompanyName</fieldalias>
                </xmldocumentmember>
              </function>
            </lhs>
            <rhs>
              <constant>
                <string>MicroSoft</string>
              </constant>
            </rhs>
          </compare>
        </or>
      </if>
      <then>
        <function>
          <xmldocumentmember xmldocumentref="xml_31" type="string" sideeffects="true">
            <field>*[local-name()='ShippingMethod' and namespace-uri()='']</field>
            <fieldalias>ShippingMethod</fieldalias>
            <argument>
              <constant>
                <string>GROUND</string>
              </constant>
            </argument>
          </xmldocumentmember>
        </function>
      </then>
    </rule>
    <rule name="AMAZON_Rule" priority="0" active="true">
      <if>
        <compare operator="equal">
          <vocabularylink uri="3f0e9bcc-6212-4e6a-853c-e517f157a626" element="05703dd9-1111-40b8-890d-ad7bfc45a925" />
          <lhs>
            <function>
              <xmldocumentmember xmldocumentref="xml_31" type="string" sideeffects="false">
                <field>*[local-name()='CompanyName' and namespace-uri()='']</field>
                <fieldalias>CompanyName</fieldalias>
              </xmldocumentmember>
            </function>
          </lhs>
          <rhs>
            <constant>
              <string>AMAZON</string>
            </constant>
          </rhs>
        </compare>
      </if>
      <then>
        <function>
          <xmldocumentmember xmldocumentref="xml_31" type="string" sideeffects="true">
            <field>*[local-name()='ShippingCompany' and namespace-uri()='']</field>
            <fieldalias>ShippingCompany</fieldalias>
            <argument>
              <constant>
                <string>FEDEX</string>
              </constant>
            </argument>
          </xmldocumentmember>
        </function>
      </then>
    </rule>
  </ruleset>
</brl>